{"eval_loss": 0.633397376164794, "train_loss": 0.7631532549858093, "_timestamp": 1717774357.785409, "_runtime": 60.153948068618774, "_step": 14, "_wandb": {"runtime": 59}}