{"eval_loss": 0.6924465835094452, "loss": 0.7855111956596375, "_timestamp": 1717689136.344807, "_runtime": 175.82483792304993, "_step": 14, "_wandb": {"runtime": 157}}