{"eval_loss": 0.6927094685435295, "loss": 0.7960286736488342, "_timestamp": 1717692121.588992, "_runtime": 160.27096605300903, "_step": 14, "_wandb": {"runtime": 157}}