{"train_loss": 0.4738681957125664, "_timestamp": 1724523724.761266, "_runtime": 44.25739502906799, "_step": 49, "_wandb": {"runtime": 43}}