{"train_loss": 0.48366270437836645, "_timestamp": 1724523025.53309, "_runtime": 13.179302215576172, "_step": 19, "_wandb": {"runtime": 11}}