{"acc": 0.8739395826707346, "loss": 0.2269824096939533, "_timestamp": 1717686638.912608, "_runtime": 1.131659984588623, "_step": 7, "_wandb": {"runtime": 0}}