{"eval_loss": 0.14123193473572943, "train_loss": 0.6847290396690369, "_timestamp": 1717765843.602805, "_runtime": 228.19385290145874, "_step": 49, "_wandb": {"runtime": 227}}