{"train_loss": 0.4481779344379902, "_timestamp": 1724523363.396951, "_runtime": 45.24990105628967, "_step": 14, "_wandb": {"runtime": 43}}