{"train_loss": 0.47059803679585455, "_timestamp": 1724523520.405746, "_runtime": 42.0028178691864, "_step": 49, "_wandb": {"runtime": 40}}