{"eval_loss": 0.1416578019500538, "loss": 0.6940935850143433, "_timestamp": 1717755080.897037, "_runtime": 83.18343806266785, "_step": 14, "_wandb": {"runtime": 82}}