{"eval_loss": 0.14135679773464324, "train_loss": 0.6934022903442383, "_timestamp": 1717767044.607399, "_runtime": 217.740247964859, "_step": 49, "_wandb": {"runtime": 280}}