{"eval_loss": 0.14123644836389335, "train_loss": 0.6936655044555664, "_timestamp": 1717767334.227436, "_runtime": 220.36415314674377, "_step": 49}