{"eval_loss": 0.1414220648206723, "train_loss": 0.716641366481781, "_timestamp": 1717774536.436159, "_runtime": 70.02291488647461, "_step": 14, "_wandb": {"runtime": 69}}