{"acc": 0.7993265949986763, "loss": 0.18250970179385145, "_timestamp": 1717686014.805045, "_runtime": 1.3727200031280518, "_step": 7, "_wandb": {"runtime": 0}}