{"eval_loss": 0.7069625407457352, "train_loss": 0.6982622146606445, "_timestamp": 1717764011.016694, "_runtime": 218.6192650794983, "_step": 49}