{"eval_loss": 0.14172567873244074, "train_loss": 0.7097995281219482, "_timestamp": 1717767823.218442, "_runtime": 68.76836705207825, "_step": 14, "_wandb": {"runtime": 68}}