{"eval_loss": 0.7229597382247448, "loss": 0.6639078855514526, "_timestamp": 1717759348.988066, "_runtime": 225.5736448764801, "_step": 49, "_wandb": {"runtime": 227}}