{"eval_loss": 0.6917363569140434, "loss": 0.7489767074584961, "_timestamp": 1717696150.86329, "_runtime": 474.45253801345825, "_step": 49, "_wandb": {"runtime": 477}}