{"eval_loss": 0.7051981184631586, "train_loss": 0.747366726398468, "_timestamp": 1717764942.602437, "_runtime": 209.1871359348297, "_step": 49, "_wandb": {"runtime": 208}}