{"eval_loss": 0.14125602488305158, "train_loss": 0.7003985643386841, "_timestamp": 1717756861.779945, "_runtime": 77.68189001083374, "_step": 14, "_wandb": {"runtime": 77}}