{"eval_loss": 0.14120234653448602, "train_loss": 0.6964706778526306, "_timestamp": 1717764727.604199, "_runtime": 229.51172804832458, "_step": 49, "_wandb": {"runtime": 229}}