{"eval_loss": 0.1412432003932394, "train_loss": 0.6780359148979187, "_timestamp": 1717757240.1798, "_runtime": 78.57688212394714, "_step": 14, "_wandb": {"runtime": 78}}