{"eval_loss": 0.14285971176852086, "train_loss": 0.6580207943916321, "_timestamp": 1717762251.396543, "_runtime": 254.2024610042572, "_step": 49, "_wandb": {"runtime": 252}}