{"train_loss": 0.4694567576050758, "_timestamp": 1724523213.9262369, "_runtime": 46.65210795402527, "_step": 19, "_wandb": {"runtime": 45}}