{"train_loss": 0.4530934266746044, "_timestamp": 1724523662.636682, "_runtime": 40.49601912498474, "_step": 49, "_wandb": {"runtime": 40}}