{"eval_loss": 1.0159461814910173, "train_loss": 0.692729651927948, "_timestamp": 1717765443.576616, "_runtime": 206.87698912620544, "_step": 49}