{"eval_loss": 0.14180692138185927, "train_loss": 0.7002805471420288, "_timestamp": 1717755866.178636, "_runtime": 80.02896904945374, "_step": 14, "_wandb": {"runtime": 79}}