{"eval_loss": 0.14131778706410889, "train_loss": 0.6938225030899048, "_timestamp": 1717773904.80741, "_runtime": 64.89480590820312, "_step": 14, "_wandb": {"runtime": 64}}