{"eval_loss": 0.6926189377903939, "loss": 0.7612791657447815, "_timestamp": 1717695427.260145, "_runtime": 132.79540586471558, "_step": 14, "_wandb": {"runtime": 132}}