{"train_loss": 0.46344609931111336, "_timestamp": 1724523842.347338, "_runtime": 43.338582038879395, "_step": 49, "_wandb": {"runtime": 42}}