{"eval_loss": 0.6931788045912981, "loss": 0.6980485320091248, "_timestamp": 1717763402.399217, "_runtime": 218.93876481056213, "_step": 49, "_wandb": {"runtime": 212}}