{"eval_loss": 0.6937074325978756, "train_loss": 0.7118672132492065, "_timestamp": 1717774596.859957, "_runtime": 53.53894805908203, "_step": 14, "_wandb": {"runtime": 52}}