{"acc": 0.8354039282690785, "loss": 0.12467338555627941, "_timestamp": 1717688917.361158, "_runtime": 1.3084068298339844, "_step": 7, "_wandb": {"runtime": 0}}