{"train_loss": 141.59738696217536, "eval_loss": 0.690683089196682, "_timestamp": 1717693155.155821, "_runtime": 593.5986440181732, "_step": 49, "_wandb": {"runtime": 623}}