{"eval_loss": 0.14126654719091525, "train_loss": 0.6914135217666626, "_timestamp": 1717774216.669117, "_runtime": 70.42421507835388, "_step": 14, "_wandb": {"runtime": 67}}