{"eval_loss": 0.6930732596665621, "train_loss": 0.725839376449585, "_timestamp": 1717768171.546261, "_runtime": 54.401719093322754, "_step": 14, "_wandb": {"runtime": 52}}