{"eval_loss": 0.0, "train_loss": 1.0237255096435547, "_timestamp": 1717766003.421309, "_runtime": 152.29177498817444, "_step": 40, "_wandb": {"runtime": 153}}