{"eval_loss": 0.141639612282917, "train_loss": 0.6844727396965027, "_timestamp": 1717771240.3734112, "_runtime": 75.07996320724487, "_step": 14, "_wandb": {"runtime": 74}}