{"eval_loss": 0.1419427186060863, "train_loss": 0.7097131013870239, "_timestamp": 1717756702.185215, "_runtime": 77.53290605545044, "_step": 14, "_wandb": {"runtime": 77}}