{"eval_loss": 0.7049100294709205, "loss": 0.6773370504379272, "_timestamp": 1717694431.2445672, "_runtime": 128.79391527175903, "_step": 14, "_wandb": {"runtime": 128}}